Workbook

Sheet CER
A1: fecha | B1: cer | C1: Cer Balanz | D1: Cer Rem | E1: Cer Comafi
A2: 37972 | B2: 1.4552 | C2: 1.4552 | D2: 1.4552 | E2: 1.4552
A3: 43486 | B3: 12.5906 | C3: 12.5906 | D3: 12.5906 | E3: 12.5906
A4: 43487 | B4: 12.601 | C4: 12.601 | D4: 12.601 | E4: 12.601
A5: 43488 | B5: 12.6115 | C5: 12.6115 | D5: 12.6115 | E5: 12.6115
A6: 43489 | B6: 12.6219 | C6: 12.6219 | D6: 12.6219 | E6: 12.6219
A7: 43490 | B7: 12.6324 | C7: 12.6324 | D7: 12.6324 | E7: 12.6324
A8: 43491 | B8: 12.6428 | C8: 12.6428 | D8: 12.6428 | E8: 12.6428
A9: 43492 | B9: 12.6533 | C9: 12.6533 | D9: 12.6533 | E9: 12.6533
A10: 43493 | B10: 12.6638 | C10: 12.6638 | D10: 12.6638 | E10: 12.6638
A11: 43494 | B11: 12.6743 | C11: 12.6743 | D11: 12.6743 | E11: 12.6743
A12: 43495 | B12: 12.6848 | C12: 12.6848 | D12: 12.6848 | E12: 12.6848
A13: 43496 | B13: 12.6953 | C13: 12.6953 | D13: 12.6953 | E13: 12.6953
... A2584: 46067 | B2584: 703.4916 | C2584: 703.4916 | D2584: 703.4916 | E2584: 703.4916
A2585: 46068 | B2585: 704.1185 | C2585: 704.1185 | D2585: 704.1185 | E2585: 704.1185 | F2585: dic
A2586: 46069 | B2586: 704.8378 | C2586: 704.8378 | D2586: 704.8378 | E2586: 704.8378
A2587: 46070 | B2587: 705.5578 | C2587: 705.5578 | D2587: 705.5578 | E2587: 705.5578
A2588: 46071 | B2588: 706.2785 | C2588: 706.2785 | D2588: 706.2785 | E2588: 706.2785
A2589: 46072 | B2589: 707 | C2589: 707 | D2589: 707 | E2589: 707
A2590: 46073 | B2590: 707.7222 | C2590: 707.7222 | D2590: 707.7222 | E2590: 707.7222
A2591: 46074 | B2591: 708.4451 | C2591: 708.4451 | D2591: 708.4451 | E2591: 708.4451
A2592: 46075 | B2592: 709.1688 | C2592: 709.1688 | D2592: 709.1688 | E2592: 709.1688
A2593: 46076 | B2593: 709.8932 | C2593: 709.8932 | D2593: 709.8932 | E2593: 709.8932
A2594: 46077 | B2594: 710.6184 | C2594: 710.6184 | D2594: 710.6184 | E2594: 710.6184
A2595: 46078 | B2595: 711.3442 | C2595: 711.3442 | D2595: 711.3442 | E2595: 711.3442
A2596: 46079 | B2596: 712.0709 | C2596: 712.0709 | D2596: 712.0709 | E2596: 712.0709
A2597: 46080 | B2597: 712.7983 | C2597: 712.7983 | D2597: 712.7983 | E2597: 712.7983
... A2612: 46095 | B2612: 723.7986 | C2612: 723.7986 | D2612: 723.7986 | E2612: 723.7986
A2613: 46096 | B2613: 724.5379 | C2613: 724.5379 | D2613: 724.5379 | E2613: 724.5379 | F2613: ene
A2614: 46097 | B2614: 725.20641 | C2614: 725.20641 | D2614: 725.20641 | E2614: 725.20641
A2615: 46098 | B2615: 725.87549 | C2615: 725.87549 | D2615: 725.87549 | E2615: 725.87549
A2616: 46099 | B2616: 726.54518 | C2616: 726.54518 | D2616: 726.54518 | E2616: 726.54518
A2617: 46100 | B2617: 727.21549 | C2617: 727.21549 | D2617: 727.21549 | E2617: 727.21549
A2618: 46101 | B2618: 727.88642 | C2618: 727.88642 | D2618: 727.88642 | E2618: 727.88642
A2619: 46102 | B2619: 728.55797 | C2619: 728.55797 | D2619: 728.55797 | E2619: 728.55797
A2620: 46103 | B2620: 729.23014 | C2620: 729.23014 | D2620: 729.23014 | E2620: 729.23014
A2621: 46104 | B2621: 729.90293 | C2621: 729.90293 | D2621: 729.90293 | E2621: 729.90293
A2622: 46105 | B2622: 730.57634 | C2622: 730.57634 | D2622: 730.57634 | E2622: 730.57634
A2623: 46106 | B2623: 731.25037 | C2623: 731.25037 | D2623: 731.25037 | E2623: 731.25037
A2624: 46107 | B2624: 731.92502 | C2624: 731.92502 | D2624: 731.92502 | E2624: 731.92502
A2625: 46108 | B2625: 732.60029 | C2625: 732.60029 | D2625: 732.60029 | E2625: 732.60029
... A2644: 46127 | B2644: 745.54955 | C2644: 745.54955 | D2644: 745.54955 | E2644: 745.54955
A2645: 46128 | B2645: 746.38092 | C2645: =+C2644*((1+INFLA!$B$5)^(1/-_xlfn.DAYS(CER!$A$2644,CER!$A$2674))) -> 746.21194 | D2645: =+D2644*((1+INFLA!$C$5)^(1/-_xlfn.DAYS(CER!$A$2644,CER!$A$2674))) -> 746.2845 | E2645: =+E2644*((1+INFLA!$D$5)^(1/-_xlfn.DAYS(CER!$A$2644,CER!$A$2674))) -> 746.33276
A2646: 46129 | B2646: 747.21322 | C2646: =+C2645*((1+INFLA!$B$5)^(1/-_xlfn.DAYS(CER!$A$2644,CER!$A$2674))) -> 746.87492 | D2646: =+D2645*((1+INFLA!$C$5)^(1/-_xlfn.DAYS(CER!$A$2644,CER!$A$2674))) -> 747.02017 | E2646: =+E2645*((1+INFLA!$D$5)^(1/-_xlfn.DAYS(CER!$A$2644,CER!$A$2674))) -> 747.11678
A2647: 46130 | B2647: 748.04645 | C2647: =+C2646*((1+INFLA!$B$5)^(1/-_xlfn.DAYS(CER!$A$2644,CER!$A$2674))) -> 747.53849 | D2647: =+D2646*((1+INFLA!$C$5)^(1/-_xlfn.DAYS(CER!$A$2644,CER!$A$2674))) -> 747.75657 | E2647: =+E2646*((1+INFLA!$D$5)^(1/-_xlfn.DAYS(CER!$A$2644,CER!$A$2674))) -> 747.90163
A2648: 46131 | B2648: 748.88061 | C2648: =+C2647*((1+INFLA!$B$5)^(1/-_xlfn.DAYS(CER!$A$2644,CER!$A$2674))) -> 748.20264 | D2648: =+D2647*((1+INFLA!$C$5)^(1/-_xlfn.DAYS(CER!$A$2644,CER!$A$2674))) -> 748.49369 | E2648: =+E2647*((1+INFLA!$D$5)^(1/-_xlfn.DAYS(CER!$A$2644,CER!$A$2674))) -> 748.68731
A2649: 46132 | B2649: 749.71569 | C2649: =+C2648*((1+INFLA!$B$5)^(1/-_xlfn.DAYS(CER!$A$2644,CER!$A$2674))) -> 748.86739 | D2649: =+D2648*((1+INFLA!$C$5)^(1/-_xlfn.DAYS(CER!$A$2644,CER!$A$2674))) -> 749.23154 | E2649: =+E2648*((1+INFLA!$D$5)^(1/-_xlfn.DAYS(CER!$A$2644,CER!$A$2674))) -> 749.47381
A2650: 46133 | B2650: 750.55171 | C2650: =+C2649*((1+INFLA!$B$5)^(1/-_xlfn.DAYS(CER!$A$2644,CER!$A$2674))) -> 749.53273 | D2650: =+D2649*((1+INFLA!$C$5)^(1/-_xlfn.DAYS(CER!$A$2644,CER!$A$2674))) -> 749.97011 | E2650: =+E2649*((1+INFLA!$D$5)^(1/-_xlfn.DAYS(CER!$A$2644,CER!$A$2674))) -> 750.26114
A2651: 46134 | B2651: 751.38866 | C2651: =+C2650*((1+INFLA!$B$5)^(1/-_xlfn.DAYS(CER!$A$2644,CER!$A$2674))) -> 750.19866 | D2651: =+D2650*((1+INFLA!$C$5)^(1/-_xlfn.DAYS(CER!$A$2644,CER!$A$2674))) -> 750.70942 | E2651: =+E2650*((1+INFLA!$D$5)^(1/-_xlfn.DAYS(CER!$A$2644,CER!$A$2674))) -> 751.04929
A2652: 46135 | B2652: 752.22655 | C2652: =+C2651*((1+INFLA!$B$5)^(1/-_xlfn.DAYS(CER!$A$2644,CER!$A$2674))) -> 750.86518 | D2652: =+D2651*((1+INFLA!$C$5)^(1/-_xlfn.DAYS(CER!$A$2644,CER!$A$2674))) -> 751.44945 | E2652: =+E2651*((1+INFLA!$D$5)^(1/-_xlfn.DAYS(CER!$A$2644,CER!$A$2674))) -> 751.83828
A2653: 46136 | B2653: 753.06537 | C2653: =+C2652*((1+INFLA!$B$5)^(1/-_xlfn.DAYS(CER!$A$2644,CER!$A$2674))) -> 751.53229 | D2653: =+D2652*((1+INFLA!$C$5)^(1/-_xlfn.DAYS(CER!$A$2644,CER!$A$2674))) -> 752.19022 | E2653: =+E2652*((1+INFLA!$D$5)^(1/-_xlfn.DAYS(CER!$A$2644,CER!$A$2674))) -> 752.62809
A2654: 46137 | B2654: 753.90512 | C2654: =+C2653*((1+INFLA!$B$5)^(1/-_xlfn.DAYS(CER!$A$2644,CER!$A$2674))) -> 752.2 | D2654: =+D2653*((1+INFLA!$C$5)^(1/-_xlfn.DAYS(CER!$A$2644,CER!$A$2674))) -> 752.93171 | E2654: =+E2653*((1+INFLA!$D$5)^(1/-_xlfn.DAYS(CER!$A$2644,CER!$A$2674))) -> 753.41873
A2655: 46138 | B2655: 754.74581 | C2655: =+C2654*((1+INFLA!$B$5)^(1/-_xlfn.DAYS(CER!$A$2644,CER!$A$2674))) -> 752.8683 | D2655: =+D2654*((1+INFLA!$C$5)^(1/-_xlfn.DAYS(CER!$A$2644,CER!$A$2674))) -> 753.67393 | E2655: =+E2654*((1+INFLA!$D$5)^(1/-_xlfn.DAYS(CER!$A$2644,CER!$A$2674))) -> 754.2102
A2656: 46139 | B2656: 755.58744 | C2656: =+C2655*((1+INFLA!$B$5)^(1/-_xlfn.DAYS(CER!$A$2644,CER!$A$2674))) -> 753.53719 | D2656: =+D2655*((1+INFLA!$C$5)^(1/-_xlfn.DAYS(CER!$A$2644,CER!$A$2674))) -> 754.41689 | E2656: =+E2655*((1+INFLA!$D$5)^(1/-_xlfn.DAYS(CER!$A$2644,CER!$A$2674))) -> 755.0025
... A2674: 46157 | B2674: 770.89823 | C2674: =+C2673*((1+INFLA!$B$5)^(1/-_xlfn.DAYS(CER!$A$2644,CER!$A$2674))) -> 765.67939 | D2674: =+D2673*((1+INFLA!$C$5)^(1/-_xlfn.DAYS(CER!$A$2644,CER!$A$2674))) -> 767.91604 | E2674: =+E2673*((1+INFLA!$D$5)^(1/-_xlfn.DAYS(CER!$A$2644,CER!$A$2674))) -> 769.40714
A2675: 46158 | B2675: =+B2674*((1+#REF!)^(1/#REF!)) -> #REF! | C2675: =+C2674*((1+INFLA!$B$6)^(1/-_xlfn.DAYS($A$2674,$A$2705))) -> 766.19287 | D2675: =+D2674*((1+INFLA!$C$6)^(1/-_xlfn.DAYS(CER!$A$2644,CER!$A$2674))) -> 768.47327 | E2675: =+E2674*((1+INFLA!$D$6)^(1/-_xlfn.DAYS(CER!$A$2644,CER!$A$2674))) -> 770.09072
A2676: 46159 | B2676: =+B2675*((1+#REF!)^(1/#REF!)) -> #REF! | C2676: =+C2675*((1+INFLA!$B$6)^(1/-_xlfn.DAYS($A$2674,$A$2705))) -> 766.70671 | D2676: =+D2675*((1+INFLA!$C$6)^(1/-_xlfn.DAYS(CER!$A$2644,CER!$A$2674))) -> 769.03091 | E2676: =+E2675*((1+INFLA!$D$6)^(1/-_xlfn.DAYS(CER!$A$2644,CER!$A$2674))) -> 770.77492
A2677: 46160 | B2677: =+B2676*((1+#REF!)^(1/#REF!)) -> #REF! | C2677: =+C2676*((1+INFLA!$B$6)^(1/-_xlfn.DAYS($A$2674,$A$2705))) -> 767.22088 | D2677: =+D2676*((1+INFLA!$C$6)^(1/-_xlfn.DAYS(CER!$A$2644,CER!$A$2674))) -> 769.58896 | E2677: =+E2676*((1+INFLA!$D$6)^(1/-_xlfn.DAYS(CER!$A$2644,CER!$A$2674))) -> 771.45972
A2678: 46161 | B2678: =+B2677*((1+#REF!)^(1/#REF!)) -> #REF! | C2678: =+C2677*((1+INFLA!$B$6)^(1/-_xlfn.DAYS($A$2674,$A$2705))) -> 767.7354 | D2678: =+D2677*((1+INFLA!$C$6)^(1/-_xlfn.DAYS(CER!$A$2644,CER!$A$2674))) -> 770.14741 | E2678: =+E2677*((1+INFLA!$D$6)^(1/-_xlfn.DAYS(CER!$A$2644,CER!$A$2674))) -> 772.14513
A2679: 46162 | B2679: =+B2678*((1+#REF!)^(1/#REF!)) -> #REF! | C2679: =+C2678*((1+INFLA!$B$6)^(1/-_xlfn.DAYS($A$2674,$A$2705))) -> 768.25027 | D2679: =+D2678*((1+INFLA!$C$6)^(1/-_xlfn.DAYS(CER!$A$2644,CER!$A$2674))) -> 770.70626 | E2679: =+E2678*((1+INFLA!$D$6)^(1/-_xlfn.DAYS(CER!$A$2644,CER!$A$2674))) -> 772.83115
A2680: 46163 | B2680: =+B2679*((1+#REF!)^(1/#REF!)) -> #REF! | C2680: =+C2679*((1+INFLA!$B$6)^(1/-_xlfn.DAYS($A$2674,$A$2705))) -> 768.76548 | D2680: =+D2679*((1+INFLA!$C$6)^(1/-_xlfn.DAYS(CER!$A$2644,CER!$A$2674))) -> 771.26552 | E2680: =+E2679*((1+INFLA!$D$6)^(1/-_xlfn.DAYS(CER!$A$2644,CER!$A$2674))) -> 773.51778
A2681: 46164 | B2681: =+B2680*((1+#REF!)^(1/#REF!)) -> #REF! | C2681: =+C2680*((1+INFLA!$B$6)^(1/-_xlfn.DAYS($A$2674,$A$2705))) -> 769.28104 | D2681: =+D2680*((1+INFLA!$C$6)^(1/-_xlfn.DAYS(CER!$A$2644,CER!$A$2674))) -> 771.82519 | E2681: =+E2680*((1+INFLA!$D$6)^(1/-_xlfn.DAYS(CER!$A$2644,CER!$A$2674))) -> 774.20501
A2682: 46165 | B2682: =+B2681*((1+#REF!)^(1/#REF!)) -> #REF! | C2682: =+C2681*((1+INFLA!$B$6)^(1/-_xlfn.DAYS($A$2674,$A$2705))) -> 769.79694 | D2682: =+D2681*((1+INFLA!$C$6)^(1/-_xlfn.DAYS(CER!$A$2644,CER!$A$2674))) -> 772.38526 | E2682: =+E2681*((1+INFLA!$D$6)^(1/-_xlfn.DAYS(CER!$A$2644,CER!$A$2674))) -> 774.89286
A2683: 46166 | B2683: =+B2682*((1+#REF!)^(1/#REF!)) -> #REF! | C2683: =+C2682*((1+INFLA!$B$6)^(1/-_xlfn.DAYS($A$2674,$A$2705))) -> 770.31319 | D2683: =+D2682*((1+INFLA!$C$6)^(1/-_xlfn.DAYS(CER!$A$2644,CER!$A$2674))) -> 772.94574 | E2683: =+E2682*((1+INFLA!$D$6)^(1/-_xlfn.DAYS(CER!$A$2644,CER!$A$2674))) -> 775.58132
A2684: 46167 | B2684: =+B2683*((1+#REF!)^(1/#REF!)) -> #REF! | C2684: =+C2683*((1+INFLA!$B$6)^(1/-_xlfn.DAYS($A$2674,$A$2705))) -> 770.82978 | D2684: =+D2683*((1+INFLA!$C$6)^(1/-_xlfn.DAYS(CER!$A$2644,CER!$A$2674))) -> 773.50662 | E2684: =+E2683*((1+INFLA!$D$6)^(1/-_xlfn.DAYS(CER!$A$2644,CER!$A$2674))) -> 776.2704
A2685: 46168 | B2685: =+B2684*((1+#REF!)^(1/#REF!)) -> #REF! | C2685: =+C2684*((1+INFLA!$B$6)^(1/-_xlfn.DAYS($A$2674,$A$2705))) -> 771.34672 | D2685: =+D2684*((1+INFLA!$C$6)^(1/-_xlfn.DAYS(CER!$A$2644,CER!$A$2674))) -> 774.06791 | E2685: =+E2684*((1+INFLA!$D$6)^(1/-_xlfn.DAYS(CER!$A$2644,CER!$A$2674))) -> 776.96008
A2686: 46169 | B2686: =+B2685*((1+#REF!)^(1/#REF!)) -> #REF! | C2686: =+C2685*((1+INFLA!$B$6)^(1/-_xlfn.DAYS($A$2674,$A$2705))) -> 771.86401 | D2686: =+D2685*((1+INFLA!$C$6)^(1/-_xlfn.DAYS(CER!$A$2644,CER!$A$2674))) -> 774.62961 | E2686: =+E2685*((1+INFLA!$D$6)^(1/-_xlfn.DAYS(CER!$A$2644,CER!$A$2674))) -> 777.65038
... A2705: 46188 | B2705: =+B2704*((1+#REF!)^(1/#REF!)) -> #REF! | C2705: =+C2704*((1+INFLA!$B$6)^(1/-_xlfn.DAYS($A$2674,$A$2705))) -> 781.75866 | D2705: =+D2704*((1+INFLA!$C$6)^(1/-_xlfn.DAYS(CER!$A$2644,CER!$A$2674))) -> 785.37968 | E2705: =+E2704*((1+INFLA!$D$6)^(1/-_xlfn.DAYS(CER!$A$2644,CER!$A$2674))) -> 790.88317
A2706: 46189 | B2706: =+B2705*(1+#REF!)^(1/#REF!) -> #REF! | C2706: =+C2705*((1+INFLA!$B$7)^(1/-_xlfn.DAYS($A$2705,$A$2735))) -> 782.24928 | D2706: =+D2705*((1+INFLA!$C$7)^(1/-_xlfn.DAYS(CER!$A$2644,CER!$A$2674))) -> 785.87258 | E2706: =+E2705*((1+INFLA!$D$7)^(1/-_xlfn.DAYS(CER!$A$2644,CER!$A$2674))) -> 791.50865
A2707: 46190 | B2707: =+B2706*(1+#REF!)^(1/#REF!) -> #REF! | C2707: =+C2706*((1+INFLA!$B$7)^(1/-_xlfn.DAYS($A$2705,$A$2735))) -> 782.74021 | D2707: =+D2706*((1+INFLA!$C$7)^(1/-_xlfn.DAYS(CER!$A$2644,CER!$A$2674))) -> 786.36578 | E2707: =+E2706*((1+INFLA!$D$7)^(1/-_xlfn.DAYS(CER!$A$2644,CER!$A$2674))) -> 792.13463
A2708: 46191 | B2708: =+B2707*(1+#REF!)^(1/#REF!) -> #REF! | C2708: =+C2707*((1+INFLA!$B$7)^(1/-_xlfn.DAYS($A$2705,$A$2735))) -> 783.23145 | D2708: =+D2707*((1+INFLA!$C$7)^(1/-_xlfn.DAYS(CER!$A$2644,CER!$A$2674))) -> 786.8593 | E2708: =+E2707*((1+INFLA!$D$7)^(1/-_xlfn.DAYS(CER!$A$2644,CER!$A$2674))) -> 792.7611
A2709: 46192 | B2709: =+B2708*(1+#REF!)^(1/#REF!) -> #REF! | C2709: =+C2708*((1+INFLA!$B$7)^(1/-_xlfn.DAYS($A$2705,$A$2735))) -> 783.72299 | D2709: =+D2708*((1+INFLA!$C$7)^(1/-_xlfn.DAYS(CER!$A$2644,CER!$A$2674))) -> 787.35312 | E2709: =+E2708*((1+INFLA!$D$7)^(1/-_xlfn.DAYS(CER!$A$2644,CER!$A$2674))) -> 793.38806
A2710: 46193 | B2710: =+B2709*(1+#REF!)^(1/#REF!) -> #REF! | C2710: =+C2709*((1+INFLA!$B$7)^(1/-_xlfn.DAYS($A$2705,$A$2735))) -> 784.21485 | D2710: =+D2709*((1+INFLA!$C$7)^(1/-_xlfn.DAYS(CER!$A$2644,CER!$A$2674))) -> 787.84726 | E2710: =+E2709*((1+INFLA!$D$7)^(1/-_xlfn.DAYS(CER!$A$2644,CER!$A$2674))) -> 794.01553
A2711: 46194 | B2711: =+B2710*(1+#REF!)^(1/#REF!) -> #REF! | C2711: =+C2710*((1+INFLA!$B$7)^(1/-_xlfn.DAYS($A$2705,$A$2735))) -> 784.70701 | D2711: =+D2710*((1+INFLA!$C$7)^(1/-_xlfn.DAYS(CER!$A$2644,CER!$A$2674))) -> 788.3417 | E2711: =+E2710*((1+INFLA!$D$7)^(1/-_xlfn.DAYS(CER!$A$2644,CER!$A$2674))) -> 794.64348
A2712: 46195 | B2712: =+B2711*(1+#REF!)^(1/#REF!) -> #REF! | C2712: =+C2711*((1+INFLA!$B$7)^(1/-_xlfn.DAYS($A$2705,$A$2735))) -> 785.19949 | D2712: =+D2711*((1+INFLA!$C$7)^(1/-_xlfn.DAYS(CER!$A$2644,CER!$A$2674))) -> 788.83645 | E2712: =+E2711*((1+INFLA!$D$7)^(1/-_xlfn.DAYS(CER!$A$2644,CER!$A$2674))) -> 795.27194
A2713: 46196 | B2713: =+B2712*(1+#REF!)^(1/#REF!) -> #REF! | C2713: =+C2712*((1+INFLA!$B$7)^(1/-_xlfn.DAYS($A$2705,$A$2735))) -> 785.69227 | D2713: =+D2712*((1+INFLA!$C$7)^(1/-_xlfn.DAYS(CER!$A$2644,CER!$A$2674))) -> 789.33152 | E2713: =+E2712*((1+INFLA!$D$7)^(1/-_xlfn.DAYS(CER!$A$2644,CER!$A$2674))) -> 795.90089
A2714: 46197 | B2714: =+B2713*(1+#REF!)^(1/#REF!) -> #REF! | C2714: =+C2713*((1+INFLA!$B$7)^(1/-_xlfn.DAYS($A$2705,$A$2735))) -> 786.18536 | D2714: =+D2713*((1+INFLA!$C$7)^(1/-_xlfn.DAYS(CER!$A$2644,CER!$A$2674))) -> 789.82689 | E2714: =+E2713*((1+INFLA!$D$7)^(1/-_xlfn.DAYS(CER!$A$2644,CER!$A$2674))) -> 796.53034
A2715: 46198 | B2715: =+B2714*(1+#REF!)^(1/#REF!) -> #REF! | C2715: =+C2714*((1+INFLA!$B$7)^(1/-_xlfn.DAYS($A$2705,$A$2735))) -> 786.67876 | D2715: =+D2714*((1+INFLA!$C$7)^(1/-_xlfn.DAYS(CER!$A$2644,CER!$A$2674))) -> 790.32258 | E2715: =+E2714*((1+INFLA!$D$7)^(1/-_xlfn.DAYS(CER!$A$2644,CER!$A$2674))) -> 797.16028
A2716: 46199 | B2716: =+B2715*(1+#REF!)^(1/#REF!) -> #REF! | C2716: =+C2715*((1+INFLA!$B$7)^(1/-_xlfn.DAYS($A$2705,$A$2735))) -> 787.17247 | D2716: =+D2715*((1+INFLA!$C$7)^(1/-_xlfn.DAYS(CER!$A$2644,CER!$A$2674))) -> 790.81858 | E2716: =+E2715*((1+INFLA!$D$7)^(1/-_xlfn.DAYS(CER!$A$2644,CER!$A$2674))) -> 797.79073
A2717: 46200 | B2717: =+B2716*(1+#REF!)^(1/#REF!) -> #REF! | C2717: =+C2716*((1+INFLA!$B$7)^(1/-_xlfn.DAYS($A$2705,$A$2735))) -> 787.66649 | D2717: =+D2716*((1+INFLA!$C$7)^(1/-_xlfn.DAYS(CER!$A$2644,CER!$A$2674))) -> 791.31489 | E2717: =+E2716*((1+INFLA!$D$7)^(1/-_xlfn.DAYS(CER!$A$2644,CER!$A$2674))) -> 798.42167
... A2735: 46218 | B2735: =+B2734*(1+#REF!)^(1/#REF!) -> #REF! | C2735: =+C2734*((1+INFLA!$B$7)^(1/-_xlfn.DAYS($A$2705,$A$2735))) -> 796.61207 | D2735: =+D2734*((1+INFLA!$C$7)^(1/-_xlfn.DAYS(CER!$A$2644,CER!$A$2674))) -> 800.3019 | E2735: =+E2734*((1+INFLA!$D$7)^(1/-_xlfn.DAYS(CER!$A$2644,CER!$A$2674))) -> 809.86437
A2736: 46219 | C2736: =+C2735*((1+INFLA!$B$8)^(1/-_xlfn.DAYS($A$2735,$A$2766))) -> 797.07064 | D2736: =+D2735*((1+INFLA!$C$8)^(1/-_xlfn.DAYS(CER!$A$2644,CER!$A$2674))) -> 800.77795 | E2736: =+E2735*((1+INFLA!$D$8)^(1/-_xlfn.DAYS(CER!$A$2644,CER!$A$2674))) -> 810.45204
A2737: 46220 | C2737: =+C2736*((1+INFLA!$B$8)^(1/-_xlfn.DAYS($A$2735,$A$2766))) -> 797.52947 | D2737: =+D2736*((1+INFLA!$C$8)^(1/-_xlfn.DAYS(CER!$A$2644,CER!$A$2674))) -> 801.25429 | E2737: =+E2736*((1+INFLA!$D$8)^(1/-_xlfn.DAYS(CER!$A$2644,CER!$A$2674))) -> 811.04014
A2738: 46221 | C2738: =+C2737*((1+INFLA!$B$8)^(1/-_xlfn.DAYS($A$2735,$A$2766))) -> 797.98856 | D2738: =+D2737*((1+INFLA!$C$8)^(1/-_xlfn.DAYS(CER!$A$2644,CER!$A$2674))) -> 801.7309 | E2738: =+E2737*((1+INFLA!$D$8)^(1/-_xlfn.DAYS(CER!$A$2644,CER!$A$2674))) -> 811.62867
A2739: 46222 | C2739: =+C2738*((1+INFLA!$B$8)^(1/-_xlfn.DAYS($A$2735,$A$2766))) -> 798.44792 | D2739: =+D2738*((1+INFLA!$C$8)^(1/-_xlfn.DAYS(CER!$A$2644,CER!$A$2674))) -> 802.20781 | E2739: =+E2738*((1+INFLA!$D$8)^(1/-_xlfn.DAYS(CER!$A$2644,CER!$A$2674))) -> 812.21763
A2740: 46223 | C2740: =+C2739*((1+INFLA!$B$8)^(1/-_xlfn.DAYS($A$2735,$A$2766))) -> 798.90755 | D2740: =+D2739*((1+INFLA!$C$8)^(1/-_xlfn.DAYS(CER!$A$2644,CER!$A$2674))) -> 802.68499 | E2740: =+E2739*((1+INFLA!$D$8)^(1/-_xlfn.DAYS(CER!$A$2644,CER!$A$2674))) -> 812.80701
A2741: 46224 | C2741: =+C2740*((1+INFLA!$B$8)^(1/-_xlfn.DAYS($A$2735,$A$2766))) -> 799.36744 | D2741: =+D2740*((1+INFLA!$C$8)^(1/-_xlfn.DAYS(CER!$A$2644,CER!$A$2674))) -> 803.16246 | E2741: =+E2740*((1+INFLA!$D$8)^(1/-_xlfn.DAYS(CER!$A$2644,CER!$A$2674))) -> 813.39682
A2742: 46225 | C2742: =+C2741*((1+INFLA!$B$8)^(1/-_xlfn.DAYS($A$2735,$A$2766))) -> 799.82759 | D2742: =+D2741*((1+INFLA!$C$8)^(1/-_xlfn.DAYS(CER!$A$2644,CER!$A$2674))) -> 803.64022 | E2742: =+E2741*((1+INFLA!$D$8)^(1/-_xlfn.DAYS(CER!$A$2644,CER!$A$2674))) -> 813.98706
A2743: 46226 | C2743: =+C2742*((1+INFLA!$B$8)^(1/-_xlfn.DAYS($A$2735,$A$2766))) -> 800.28801 | D2743: =+D2742*((1+INFLA!$C$8)^(1/-_xlfn.DAYS(CER!$A$2644,CER!$A$2674))) -> 804.11825 | E2743: =+E2742*((1+INFLA!$D$8)^(1/-_xlfn.DAYS(CER!$A$2644,CER!$A$2674))) -> 814.57773
A2744: 46227 | C2744: =+C2743*((1+INFLA!$B$8)^(1/-_xlfn.DAYS($A$2735,$A$2766))) -> 800.74869 | D2744: =+D2743*((1+INFLA!$C$8)^(1/-_xlfn.DAYS(CER!$A$2644,CER!$A$2674))) -> 804.59658 | E2744: =+E2743*((1+INFLA!$D$8)^(1/-_xlfn.DAYS(CER!$A$2644,CER!$A$2674))) -> 815.16882
A2745: 46228 | C2745: =+C2744*((1+INFLA!$B$8)^(1/-_xlfn.DAYS($A$2735,$A$2766))) -> 801.20964 | D2745: =+D2744*((1+INFLA!$C$8)^(1/-_xlfn.DAYS(CER!$A$2644,CER!$A$2674))) -> 805.07518 | E2745: =+E2744*((1+INFLA!$D$8)^(1/-_xlfn.DAYS(CER!$A$2644,CER!$A$2674))) -> 815.76035
A2746: 46229 | C2746: =+C2745*((1+INFLA!$B$8)^(1/-_xlfn.DAYS($A$2735,$A$2766))) -> 801.67085 | D2746: =+D2745*((1+INFLA!$C$8)^(1/-_xlfn.DAYS(CER!$A$2644,CER!$A$2674))) -> 805.55407 | E2746: =+E2745*((1+INFLA!$D$8)^(1/-_xlfn.DAYS(CER!$A$2644,CER!$A$2674))) -> 816.3523
A2747: 46230 | C2747: =+C2746*((1+INFLA!$B$8)^(1/-_xlfn.DAYS($A$2735,$A$2766))) -> 802.13233 | D2747: =+D2746*((1+INFLA!$C$8)^(1/-_xlfn.DAYS(CER!$A$2644,CER!$A$2674))) -> 806.03325 | E2747: =+E2746*((1+INFLA!$D$8)^(1/-_xlfn.DAYS(CER!$A$2644,CER!$A$2674))) -> 816.94468
... A2766: 46249 | C2766: =+C2765*((1+INFLA!$B$8)^(1/-_xlfn.DAYS($A$2735,$A$2766))) -> 810.95109 | D2766: =+D2765*((1+INFLA!$C$8)^(1/-_xlfn.DAYS(CER!$A$2644,CER!$A$2674))) -> 815.19195 | E2766: =+E2765*((1+INFLA!$D$8)^(1/-_xlfn.DAYS(CER!$A$2644,CER!$A$2674))) -> 828.28199
A2767: 46250 | C2767: =+C2766*((1+INFLA!$B$9)^(1/-_xlfn.DAYS($A$2766,$A$2797))) -> 811.39218 | D2767: =+D2766*((1+INFLA!$C$9)^(1/-_xlfn.DAYS($A$2766,$A$2797))) -> 815.63536 | E2767: =+E2766*((1+INFLA!$D$9)^(1/-_xlfn.DAYS($A$2766,$A$2797))) -> 828.86363
A2768: 46251 | C2768: =+C2767*((1+INFLA!$B$9)^(1/-_xlfn.DAYS($A$2766,$A$2797))) -> 811.83352 | D2768: =+D2767*((1+INFLA!$C$9)^(1/-_xlfn.DAYS($A$2766,$A$2797))) -> 816.079 | E2768: =+E2767*((1+INFLA!$D$9)^(1/-_xlfn.DAYS($A$2766,$A$2797))) -> 829.44569
A2769: 46252 | C2769: =+C2768*((1+INFLA!$B$9)^(1/-_xlfn.DAYS($A$2766,$A$2797))) -> 812.2751 | D2769: =+D2768*((1+INFLA!$C$9)^(1/-_xlfn.DAYS($A$2766,$A$2797))) -> 816.52289 | E2769: =+E2768*((1+INFLA!$D$9)^(1/-_xlfn.DAYS($A$2766,$A$2797))) -> 830.02815
A2770: 46253 | C2770: =+C2769*((1+INFLA!$B$9)^(1/-_xlfn.DAYS($A$2766,$A$2797))) -> 812.71692 | D2770: =+D2769*((1+INFLA!$C$9)^(1/-_xlfn.DAYS($A$2766,$A$2797))) -> 816.96702 | E2770: =+E2769*((1+INFLA!$D$9)^(1/-_xlfn.DAYS($A$2766,$A$2797))) -> 830.61102
A2771: 46254 | C2771: =+C2770*((1+INFLA!$B$9)^(1/-_xlfn.DAYS($A$2766,$A$2797))) -> 813.15897 | D2771: =+D2770*((1+INFLA!$C$9)^(1/-_xlfn.DAYS($A$2766,$A$2797))) -> 817.41139 | E2771: =+E2770*((1+INFLA!$D$9)^(1/-_xlfn.DAYS($A$2766,$A$2797))) -> 831.1943
A2772: 46255 | C2772: =+C2771*((1+INFLA!$B$9)^(1/-_xlfn.DAYS($A$2766,$A$2797))) -> 813.60127 | D2772: =+D2771*((1+INFLA!$C$9)^(1/-_xlfn.DAYS($A$2766,$A$2797))) -> 817.856 | E2772: =+E2771*((1+INFLA!$D$9)^(1/-_xlfn.DAYS($A$2766,$A$2797))) -> 831.77799
...

Sheet INFLA
A2: Mes/Año | B2: Inflación Proy Balanz | C2: REM | D2: Comafi Base marzo
A3: 46023 | B3: 0.029 | D3: =+B3 -> 0.029
A4: 46054 | B4: 0.029 | D4: =+B4 -> 0.029
A5: 46082 | B5: 0.027 | C5: 0.03 | D5: 0.032
A6: 46113 | B6: 0.021 | C6: 0.022 | D6: 0.027
A7: 46143 | B7: 0.019 | C7: 0.019 | D7: 0.024
A8: 46174 | B8: 0.018 | C8: 0.018 | D8: 0.022
A9: 46204 | B9: 0.017 | C9: 0.017 | D9: 0.022
A10: 46235 | B10: 0.017 | C10: 0.015 | D10: 0.02
A11: 46266 | B11: 0.017 | D11: 0.02
A12: 46296 | B12: 0.017 | D12: 0.019 | H12: =20025872*0.995 -> 19925743
A13: 46327 | B13: 0.017 | D13: 0.019 | H13: 874
A14: 46357 | B14: 0.017 | D14: 0.018 | H14: =+H12/H13 -> 22798.333
D16: 0.32

Sheet FLUJOS
A1: bpy26
A2: Payment Date | B2: Interest | C2: Principal | D2: Flujo Total
A3: 45900 | B3: 0.75 | C3: 0 | D3: 0.75
A4: 45991 | B4: 0.75 | C4: 33 | D4: 33.75
A5: 46081 | B5: 0.49 | C5: 33 | D5: 33.49 | H5: 45412 | I5: TZXM6
A6: 46173 | B6: 0.26 | C6: 34 | D6: 34.26 | H6: 45323 | I6: TZX26
H7: 44078 | I7: TX26
A8: TZX26 | H8: 45596 | I8: TZXO6
A9: Payment Date | B9: Interest | C9: Principal | D9: Flujo Total | H9: 45366 | I9: TZXD6
A10: 45323 | H10: 45432 | I10: TZXM7
A11: 46203 | B11: =100*L9 -> 0 | C11: 0 | D11: =B11+C11 -> 0 | H11: 45989 | I11: TZXA7
H12: 46006 | I12: TZXY7
A13: TZX27 | H13: 45323 | I13: TZX27
A14: Payment Date | B14: Interest | C14: Principal | D14: Flujo Total | H14: 45366 | I14: TZXD7
A15: 45323 | H15: 45323 | I15: TZX28
A16: 46568 | B16: =100*L14 -> 0 | C16: 0 | D16: =B16+C16 -> 0 | H16: 44078 | I16: TX28
H17: 44712 | I17: TX31
A18: TZX28 | H18: 37986 | I18: DICP
A19: Payment Date | B19: Interest | C19: Principal | D19: Flujo Total | H19: 37986 | I19: PARP
A20: 45323 | H20: 37986 | I20: CUAP
A21: 46934 | B21: =100*L19 -> 0 | C21: 0 | D21: =B21+C21 -> 0 | H21: 45989 | I21: X29Y6
H22: 46006 | I22: X30N6
A23: TZXO5
A24: Payment Date | B24: Interest | C24: Principal | D24: Flujo Total
A25: 45596
A26: 45961 | B26: =100*L24 -> 0 | C26: 0 | D26: =B26+C26 -> 0
A28: TZXD5
A29: Payment Date | B29: Interest | C29: Principal | D29: Flujo Total
A30: 45366
A31: 46006 | B31: =100*L29 -> 0 | C31: 0 | D31: =B31+C31 -> 0
A33: TZXM6
A34: Payment Date | B34: Interest | C34: Principal | D34: Flujo Total
A35: 45412
A36: 46112 | B36: =100*L34 -> 0 | C36: 0 | D36: =B36+C36 -> 0
A38: TZXO6
A39: Payment Date | B39: Interest | C39: Principal | D39: Flujo Total
A40: 45596
A41: 46326 | B41: =100*L39 -> 0 | C41: 0 | D41: =B41+C41 -> 0
A43: TZXD6
A44: Payment Date | B44: Interest | C44: Principal | D44: Flujo Total
A45: 45366
A46: 46371 | B46: =100*L44 -> 0 | C46: 0 | D46: =B46+C46 -> 0
A48: TZXM7
A49: Payment Date | B49: Interest | C49: Principal | D49: Flujo Total
A50: 45432
A51: 46477 | B51: =100*L49 -> 0 | C51: 0 | D51: =B51+C51 -> 0
A53: TZXD7
A54: Payment Date | B54: Interest | C54: Principal | D54: Flujo Total
A55: 45366
A56: 46736 | B56: =100*L54 -> 0 | C56: 0 | D56: =B56+C56 -> 0
A58: TX25
A59: Payment Date | B59: Interest | C59: Principal | D59: Flujo Total
A60: 44704
A61: 45970 | B61: =(100*L59)*(0.018/2) -> 0 | C61: =100*L59 -> 0 | D61: =C61+B61 -> 0
A63: TX26
A64: Payment Date | B64: Interest | C64: Principal | D64: Flujo Total
A65: 44078
A66: 45970 | B66: =(100*$L$340*0.6)*(0.02/2) -> 0 | C66: =(100*$L$340)*0.2 -> 0 | D66: =C66+B66 -> 0
A67: 46151 | B67: =(100*$L$340*0.4)*(0.02/2) -> 0 | C67: =(100*$L$340)*0.2 -> 0 | D67: =C67+B67 -> 0
A68: 46335 | B68: =(100*$L$340*0.2)*(0.02/2) -> 0 | C68: =(100*$L$340)*0.2 -> 0 | D68: =C68+B68 -> 0
A70: TX28
A71: Payment Date | B71: Interest | C71: Principal | D71: Flujo Total
A72: 44078
A73: 45970 | B73: =(100*$L$340*0.7)*(0.0225/2) -> 0 | C73: =(100*$L$340)*0.1 -> 0 | D73: =C73+B73 -> 0
A74: 46151 | B74: =(100*$L$340*0.6)*(0.0225/2) -> 0 | C74: =(100*$L$340)*0.1 -> 0 | D74: =C74+B74 -> 0
A75: 46335 | B75: =(100*$L$340*0.5)*(0.0225/2) -> 0 | C75: =(100*$L$340)*0.1 -> 0 | D75: =C75+B75 -> 0
A76: 46516 | B76: =(100*$L$340*0.4)*(0.0225/2) -> 0 | C76: =(100*$L$340)*0.1 -> 0 | D76: =C76+B76 -> 0
A77: 46700 | B77: =(100*$L$340*0.3)*(0.0225/2) -> 0 | C77: =(100*$L$340)*0.1 -> 0 | D77: =C77+B77 -> 0
A78: 46882 | B78: =(100*$L$340*0.2)*(0.0225/2) -> 0 | C78: =(100*$L$340)*0.1 -> 0 | D78: =C78+B78 -> 0
A79: 47066 | B79: =(100*$L$340*0.1)*(0.0225/2) -> 0 | C79: =(100*$L$340)*0.1 -> 0 | D79: =C79+B79 -> 0
A81: TX31
A82: Payment Date | B82: Interest | C82: Principal | D82: Flujo Total
A83: 44712
A84: 45991 | B84: =(100*$L$360*1)*(0.025/2) -> 0 | D84: =C84+B84 -> 0
A85: 46172 | B85: =(100*$L$360*1)*(0.025/2) -> 0 | D85: =C85+B85 -> 0
A86: 46356 | B86: =(100*$L$360*1)*(0.025/2) -> 0 | D86: =C86+B86 -> 0
A87: 46537 | B87: =(100*$L$360*1)*(0.025/2) -> 0 | C87: =(100*$L$360)*0.1 -> 0 | D87: =C87+B87 -> 0
A88: 46721 | B88: =(100*$L$360*0.9)*(0.025/2) -> 0 | C88: =(100*$L$360)*0.1 -> 0 | D88: =C88+B88 -> 0
A89: 46903 | B89: =(100*$L$360*0.8)*(0.025/2) -> 0 | C89: =(100*$L$360)*0.1 -> 0 | D89: =C89+B89 -> 0
A90: 47087 | B90: =(100*$L$360*0.7)*(0.025/2) -> 0 | C90: =(100*$L$360)*0.1 -> 0 | D90: =C90+B90 -> 0
A91: 47268 | B91: =(100*$L$360*0.6)*(0.025/2) -> 0 | C91: =(100*$L$360)*0.1 -> 0 | D91: =C91+B91 -> 0
A92: 47452 | B92: =(100*$L$360*0.5)*(0.025/2) -> 0 | C92: =(100*$L$360)*0.1 -> 0 | D92: =C92+B92 -> 0
A93: 47633 | B93: =(100*$L$360*0.4)*(0.025/2) -> 0 | C93: =(100*$L$360)*0.1 -> 0 | D93: =C93+B93 -> 0
A94: 47817 | B94: =(100*$L$360*0.3)*(0.025/2) -> 0 | C94: =(100*$L$360)*0.1 -> 0 | D94: =C94+B94 -> 0
A95: 47998 | B95: =(100*$L$360*0.2)*(0.025/2) -> 0 | C95: =(100*$L$360)*0.1 -> 0 | D95: =C95+B95 -> 0
A96: 48182 | B96: =(100*$L$360*0.1)*(0.025/2) -> 0 | C96: =(100*$L$360)*0.1 -> 0 | D96: =C96+B96 -> 0
A98: DICP
A99: Payment Date | B99: Interest | C99: Principal | D99: Flujo Total
A100: 37986
A101: 46022 | B101: =(100*$L$379*1)*(0.0315) -> 0 | C101: =(100*$L$379)*0.0635 -> 0 | D101: =C101+B101 -> 0
A102: 46203 | B102: =(100*$L$379*1)*(0.0296) -> 0 | C102: =(100*$L$379)*0.0635 -> 0 | D102: =C102+B102 -> 0
A103: 46387 | B103: =(100*$L$379*1)*(0.0278) -> 0 | C103: =(100*$L$379)*0.0635 -> 0 | D103: =C103+B103 -> 0
A104: 46568 | B104: =(100*$L$379*1)*(0.0259) -> 0 | C104: =(100*$L$379)*0.0635 -> 0 | D104: =C104+B104 -> 0
A105: 46752 | B105: =(100*$L$379*1)*(0.0241) -> 0 | C105: =(100*$L$379)*0.0635 -> 0 | D105: =C105+B105 -> 0
A106: 46934 | B106: =(100*$L$379*1)*(0.0222) -> 0 | C106: =(100*$L$379)*0.0635 -> 0 | D106: =C106+B106 -> 0
A107: 47118 | B107: =(100*$L$379*1)*(0.0204) -> 0 | C107: =(100*$L$379)*0.0635 -> 0 | D107: =C107+B107 -> 0
A108: 47299 | B108: =(100*$L$379*1)*(0.0185) -> 0 | C108: =(100*$L$379)*0.0635 -> 0 | D108: =C108+B108 -> 0
A109: 47483 | B109: =(100*$L$379*1)*(0.0167) -> 0 | C109: =(100*$L$379)*0.0635 -> 0 | D109: =C109+B109 -> 0
A110: 47664 | B110: =(100*$L$379*1)*(0.0148) -> 0 | C110: =(100*$L$379)*0.0635 -> 0 | D110: =C110+B110 -> 0
A111: 47848 | B111: =(100*$L$379*1)*(0.013) -> 0 | C111: =(100*$L$379)*0.0635 -> 0 | D111: =C111+B111 -> 0
...
